id,raceid,racetype,racetypeid,ballotorder,candidateid,description,delegatecount,electiondate,electtotal,electwon,fipscode,first,incumbent,initialization_data,is_ballot_measure,last,lastupdated,level,national,officeid,officename,party,polid,polnum,precinctsreporting,precinctsreportingpct,precinctstotal,reportingunitid,reportingunitname,runoff,seatname,seatnum,statename,statepostal,test,uncontested,votecount,votepct,winner
1683-polid-3610-state-AL-1,1683,Special General,G,1,5192,,0,2017-12-12,0,0,,Doug,False,False,False,Jones,2017-11-29T19:30:25.020Z,state,True,S,U.S. Senate,Dem,3610,3503,0,0.0,2220,state-AL-1,,False,,,Alabama,AL,True,False,0,0.0,False
1683-polid-3821-state-AL-1,1683,Special General,G,2,5202,,0,2017-12-12,0,0,,Roy,False,False,False,Moore,2017-11-29T19:30:25.020Z,state,True,S,U.S. Senate,GOP,3821,2200,0,0.0,2220,state-AL-1,,False,,,Alabama,AL,True,False,0,0.0,False
1683-polid-100008-state-AL-1,1683,Special General,G,3,5206,,0,2017-12-12,0,0,,,False,False,False,Total Write-Ins,2017-11-29T19:30:25.020Z,state,True,S,U.S. Senate,NPD,100008,3512,0,0.0,2220,state-AL-1,,False,,,Alabama,AL,True,False,0,0.0,False
1683-polid-3610-county-1001,1683,Special General,G,1,5192,,0,2017-12-12,0,0,01001,Doug,False,False,False,Jones,2017-11-29T19:29:20.557Z,county,True,S,U.S. Senate,Dem,3610,3503,0,0.0,18,county-1001,Autauga,False,,,Alabama,AL,True,False,0,0.0,False
1683-polid-3821-county-1001,1683,Special General,G,2,5202,,0,2017-12-12,0,0,01001,Roy,False,False,False,Moore,2017-11-29T19:29:20.557Z,county,True,S,U.S. Senate,GOP,3821,2200,0,0.0,18,county-1001,Autauga,False,,,Alabama,AL,True,False,0,0.0,False
1683-polid-100008-county-1001,1683,Special General,G,3,5206,,0,2017-12-12,0,0,01001,,False,False,False,Total Write-Ins,2017-11-29T19:29:20.557Z,county,True,S,U.S. Senate,NPD,100008,3512,0,0.0,18,county-1001,Autauga,False,,,Alabama,AL,True,False,0,0.0,False
1683-polid-3610-county-1002,1683,Special General,G,1,5192,,0,2017-12-12,0,0,01003,Doug,False,False,False,Jones,2017-11-29T19:29:20.557Z,county,True,S,U.S. Senate,Dem,3610,3503,0,0.0,47,county-1002,Baldwin,False,,,Alabama,AL,True,False,0,0.0,False
1683-polid-3821-county-1002,1683,Special General,G,2,5202,,0,2017-12-12,0,0,01003,Roy,False,False,False,Moore,2017-11-29T19:29:20.557Z,county,True,S,U.S. Senate,GOP,3821,2200,0,0.0,47,county-1002,Baldwin,False,,,Alabama,AL,True,False,0,0.0,False
1683-polid-100008-county-1002,1683,Special General,G,3,5206,,0,2017-12-12,0,0,01003,,False,False,False,Total Write-Ins,2017-11-29T19:29:20.557Z,county,True,S,U.S. Senate,NPD,100008,3512,0,0.0,47,county-1002,Baldwin,False,,,Alabama,AL,True,False,0,0.0,False
1683-polid-3610-county-1003,1683,Special General,G,1,5192,,0,2017-12-12,0,0,01005,Doug,False,False,False,Jones,2017-11-29T19:29:20.557Z,county,True,S,U.S. Senate,Dem,3610,3503,0,0.0,17,county-1003,Barbour,False,,,Alabama,AL,True,False,0,0.0,False
1683-polid-3821-county-1003,1683,Special General,G,2,5202,,0,2017-12-12,0,0,01005,Roy,False,False,False,Moore,2017-11-29T19:29:20.557Z,county,True,S,U.S. Senate,GOP,3821,2200,0,0.0,17,county-1003,Barbour,False,,,Alabama,AL,True,False,0,0.0,False
1683-polid-100008-county-1003,1683,Special General,G,3,5206,,0,2017-12-12,0,0,01005,,False,False,False,Total Write-Ins,2017-11-29T19:29:20.557Z,county,True,S,U.S. Senate,NPD,100008,3512,0,0.0,17,county-1003,Barbour,False,,,Alabama,AL,True,False,0,0.0,False
1683-polid-3610-county-1004,1683,Special General,G,1,5192,,0,2017-12-12,0,0,01007,Doug,False,False,False,Jones,2017-11-29T19:29:20.557Z,county,True,S,U.S. Senate,Dem,3610,3503,0,0.0,9,county-1004,Bibb,False,,,Alabama,AL,True,False,0,0.0,False
1683-polid-3821-county-1004,1683,Special General,G,2,5202,,0,2017-12-12,0,0,01007,Roy,False,False,False,Moore,2017-11-29T19:29:20.557Z,county,True,S,U.S. Senate,GOP,3821,2200,0,0.0,9,county-1004,Bibb,False,,,Alabama,AL,True,False,0,0.0,False
1683-polid-100008-county-1004,1683,Special General,G,3,5206,,0,2017-12-12,0,0,01007,,False,False,False,Total Write-Ins,2017-11-29T19:29:20.557Z,county,True,S,U.S. Senate,NPD,100008,3512,0,0.0,9,county-1004,Bibb,False,,,Alabama,AL,True,False,0,0.0,False
1683-polid-3610-county-1005,1683,Special General,G,1,5192,,0,2017-12-12,0,0,01009,Doug,False,False,False,Jones,2017-11-29T19:29:20.557Z,county,True,S,U.S. Senate,Dem,3610,3503,0,0.0,25,county-1005,Blount,False,,,Alabama,AL,True,False,0,0.0,False
1683-polid-3821-county-1005,1683,Special General,G,2,5202,,0,2017-12-12,0,0,01009,Roy,False,False,False,Moore,2017-11-29T19:29:20.557Z,county,True,S,U.S. Senate,GOP,3821,2200,0,0.0,25,county-1005,Blount,False,,,Alabama,AL,True,False,0,0.0,False
1683-polid-100008-county-1005,1683,Special General,G,3,5206,,0,2017-12-12,0,0,01009,,False,False,False,Total Write-Ins,2017-11-29T19:29:20.557Z,county,True,S,U.S. Senate,NPD,100008,3512,0,0.0,25,county-1005,Blount,False,,,Alabama,AL,True,False,0,0.0,False
1683-polid-3610-county-1006,1683,Special General,G,1,5192,,0,2017-12-12,0,0,01011,Doug,False,False,False,Jones,2017-11-29T19:29:20.557Z,county,True,S,U.S. Senate,Dem,3610,3503,0,0.0,16,county-1006,Bullock,False,,,Alabama,AL,True,False,0,0.0,False
1683-polid-3821-county-1006,1683,Special General,G,2,5202,,0,2017-12-12,0,0,01011,Roy,False,False,False,Moore,2017-11-29T19:29:20.557Z,county,True,S,U.S. Senate,GOP,3821,2200,0,0.0,16,county-1006,Bullock,False,,,Alabama,AL,True,False,0,0.0,False
1683-polid-100008-county-1006,1683,Special General,G,3,5206,,0,2017-12-12,0,0,01011,,False,False,False,Total Write-Ins,2017-11-29T19:29:20.557Z,county,True,S,U.S. Senate,NPD,100008,3512,0,0.0,16,county-1006,Bullock,False,,,Alabama,AL,True,False,0,0.0,False
1683-polid-3610-county-1007,1683,Special General,G,1,5192,,0,2017-12-12,0,0,01013,Doug,False,False,False,Jones,2017-11-29T19:29:20.557Z,county,True,S,U.S. Senate,Dem,3610,3503,0,0.0,23,county-1007,Butler,False,,,Alabama,AL,True,False,0,0.0,False
1683-polid-3821-county-1007,1683,Special General,G,2,5202,,0,2017-12-12,0,0,01013,Roy,False,False,False,Moore,2017-11-29T19:29:20.557Z,county,True,S,U.S. Senate,GOP,3821,2200,0,0.0,23,county-1007,Butler,False,,,Alabama,AL,True,False,0,0.0,False
1683-polid-100008-county-1007,1683,Special General,G,3,5206,,0,2017-12-12,0,0,01013,,False,False,False,Total Write-Ins,2017-11-29T19:29:20.557Z,county,True,S,U.S. Senate,NPD,100008,3512,0,0.0,23,county-1007,Butler,False,,,Alabama,AL,True,False,0,0.0,False
1683-polid-3610-county-1008,1683,Special General,G,1,5192,,0,2017-12-12,0,0,01015,Doug,False,False,False,Jones,2017-11-29T19:29:20.557Z,county,True,S,U.S. Senate,Dem,3610,3503,0,0.0,46,county-1008,Calhoun,False,,,Alabama,AL,True,False,0,0.0,False
1683-polid-3821-county-1008,1683,Special General,G,2,5202,,0,2017-12-12,0,0,01015,Roy,False,False,False,Moore,2017-11-29T19:29:20.557Z,county,True,S,U.S. Senate,GOP,3821,2200,0,0.0,46,county-1008,Calhoun,False,,,Alabama,AL,True,False,0,0.0,False
1683-polid-100008-county-1008,1683,Special General,G,3,5206,,0,2017-12-12,0,0,01015,,False,False,False,Total Write-Ins,2017-11-29T19:29:20.557Z,county,True,S,U.S. Senate,NPD,100008,3512,0,0.0,46,county-1008,Calhoun,False,,,Alabama,AL,True,False,0,0.0,False
1683-polid-3610-county-1009,1683,Special General,G,1,5192,,0,2017-12-12,0,0,01017,Doug,False,False,False,Jones,2017-11-29T19:29:20.557Z,county,True,S,U.S. Senate,Dem,3610,3503,0,0.0,21,county-1009,Chambers,False,,,Alabama,AL,True,False,0,0.0,False
1683-polid-3821-county-1009,1683,Special General,G,2,5202,,0,2017-12-12,0,0,01017,Roy,False,False,False,Moore,2017-11-29T19:29:20.557Z,county,True,S,U.S. Senate,GOP,3821,2200,0,0.0,21,county-1009,Chambers,False,,,Alabama,AL,True,False,0,0.0,False
1683-polid-100008-county-1009,1683,Special General,G,3,5206,,0,2017-12-12,0,0,01017,,False,False,False,Total Write-Ins,2017-11-29T19:29:20.557Z,county,True,S,U.S. Senate,NPD,100008,3512,0,0.0,21,county-1009,Chambers,False,,,Alabama,AL,True,False,0,0.0,False
1683-polid-3610-county-1010,1683,Special General,G,1,5192,,0,2017-12-12,0,0,01019,Doug,False,False,False,Jones,2017-11-29T19:29:20.557Z,county,True,S,U.S. Senate,Dem,3610,3503,0,0.0,24,county-1010,Cherokee,False,,,Alabama,AL,True,False,0,0.0,False
1683-polid-3821-county-1010,1683,Special General,G,2,5202,,0,2017-12-12,0,0,01019,Roy,False,False,False,Moore,2017-11-29T19:29:20.557Z,county,True,S,U.S. Senate,GOP,3821,2200,0,0.0,24,county-1010,Cherokee,False,,,Alabama,AL,True,False,0,0.0,False
1683-polid-100008-county-1010,1683,Special General,G,3,5206,,0,2017-12-12,0,0,01019,,False,False,False,Total Write-Ins,2017-11-29T19:29:20.557Z,county,True,S,U.S. Senate,NPD,100008,3512,0,0.0,24,county-1010,Cherokee,False,,,Alabama,AL,True,False,0,0.0,False
1683-polid-3610-county-1011,1683,Special General,G,1,5192,,0,2017-12-12,0,0,01021,Doug,False,False,False,Jones,2017-11-29T19:30:25.020Z,county,True,S,U.S. Senate,Dem,3610,3503,0,0.0,19,county-1011,Chilton,False,,,Alabama,AL,True,False,0,0.0,False
1683-polid-3821-county-1011,1683,Special General,G,2,5202,,0,2017-12-12,0,0,01021,Roy,False,False,False,Moore,2017-11-29T19:30:25.020Z,county,True,S,U.S. Senate,GOP,3821,2200,0,0.0,19,county-1011,Chilton,False,,,Alabama,AL,True,False,0,0.0,False
1683-polid-100008-county-1011,1683,Special General,G,3,5206,,0,2017-12-12,0,0,01021,,False,False,False,Total Write-Ins,2017-11-29T19:30:25.020Z,county,True,S,U.S. Senate,NPD,100008,3512,0,0.0,19,county-1011,Chilton,False,,,Alabama,AL,True,False,0,0.0,False
1683-polid-3610-county-1012,1683,Special General,G,1,5192,,0,2017-12-12,0,0,01023,Doug,False,False,False,Jones,2017-11-29T19:29:20.557Z,county,True,S,U.S. Senate,Dem,3610,3503,0,0.0,33,county-1012,Choctaw,False,,,Alabama,AL,True,False,0,0.0,False
1683-polid-3821-county-1012,1683,Special General,G,2,5202,,0,2017-12-12,0,0,01023,Roy,False,False,False,Moore,2017-11-29T19:29:20.557Z,county,True,S,U.S. Senate,GOP,3821,2200,0,0.0,33,county-1012,Choctaw,False,,,Alabama,AL,True,False,0,0.0,False
1683-polid-100008-county-1012,1683,Special General,G,3,5206,,0,2017-12-12,0,0,01023,,False,False,False,Total Write-Ins,2017-11-29T19:29:20.557Z,county,True,S,U.S. Senate,NPD,100008,3512,0,0.0,33,county-1012,Choctaw,False,,,Alabama,AL,True,False,0,0.0,False
1683-polid-3610-county-1013,1683,Special General,G,1,5192,,0,2017-12-12,0,0,01025,Doug,False,False,False,Jones,2017-11-29T19:29:20.557Z,county,True,S,U.S. Senate,Dem,3610,3503,0,0.0,30,county-1013,Clarke,False,,,Alabama,AL,True,False,0,0.0,False
1683-polid-3821-county-1013,1683,Special General,G,2,5202,,0,2017-12-12,0,0,01025,Roy,False,False,False,Moore,2017-11-29T19:29:20.557Z,county,True,S,U.S. Senate,GOP,3821,2200,0,0.0,30,county-1013,Clarke,False,,,Alabama,AL,True,False,0,0.0,False
1683-polid-100008-county-1013,1683,Special General,G,3,5206,,0,2017-12-12,0,0,01025,,False,False,False,Total Write-Ins,2017-11-29T19:29:20.557Z,county,True,S,U.S. Senate,NPD,100008,3512,0,0.0,30,county-1013,Clarke,False,,,Alabama,AL,True,False,0,0.0,False
1683-polid-3610-county-1014,1683,Special General,G,1,5192,,0,2017-12-12,0,0,01027,Doug,False,False,False,Jones,2017-11-29T19:29:20.557Z,county,True,S,U.S. Senate,Dem,3610,3503,0,0.0,16,county-1014,Clay,False,,,Alabama,AL,True,False,0,0.0,False
1683-polid-3821-county-1014,1683,Special General,G,2,5202,,0,2017-12-12,0,0,01027,Roy,False,False,False,Moore,2017-11-29T19:29:20.557Z,county,True,S,U.S. Senate,GOP,3821,2200,0,0.0,16,county-1014,Clay,False,,,Alabama,AL,True,False,0,0.0,False
1683-polid-100008-county-1014,1683,Special General,G,3,5206,,0,2017-12-12,0,0,01027,,False,False,False,Total Write-Ins,2017-11-29T19:29:20.557Z,county,True,S,U.S. Senate,NPD,100008,3512,0,0.0,16,county-1014,Clay,False,,,Alabama,AL,True,False,0,0.0,False
1683-polid-3610-county-1015,1683,Special General,G,1,5192,,0,2017-12-12,0,0,01029,Doug,False,False,False,Jones,2017-11-29T19:29:20.557Z,county,True,S,U.S. Senate,Dem,3610,3503,0,0.0,15,county-1015,Cleburne,False,,,Alabama,AL,True,False,0,0.0,False
1683-polid-3821-county-1015,1683,Special General,G,2,5202,,0,2017-12-12,0,0,01029,Roy,False,False,False,Moore,2017-11-29T19:29:20.557Z,county,True,S,U.S. Senate,GOP,3821,2200,0,0.0,15,county-1015,Cleburne,False,,,Alabama,AL,True,False,0,0.0,False
1683-polid-100008-county-1015,1683,Special General,G,3,5206,,0,2017-12-12,0,0,01029,,False,False,False,Total Write-Ins,2017-11-29T19:29:20.557Z,county,True,S,U.S. Senate,NPD,100008,3512,0,0.0,15,county-1015,Cleburne,False,,,Alabama,AL,True,False,0,0.0,False
1683-polid-3610-county-1016,1683,Special General,G,1,5192,,0,2017-12-12,0,0,01031,Doug,False,False,False,Jones,2017-11-29T19:29:20.557Z,county,True,S,U.S. Senate,Dem,3610,3503,0,0.0,30,county-1016,Coffee,False,,,Alabama,AL,True,False,0,0.0,False
1683-polid-3821-county-1016,1683,Special General,G,2,5202,,0,2017-12-12,0,0,01031,Roy,False,False,False,Moore,2017-11-29T19:29:20.557Z,county,True,S,U.S. Senate,GOP,3821,2200,0,0.0,30,county-1016,Coffee,False,,,Alabama,AL,True,False,0,0.0,False
1683-polid-100008-county-1016,1683,Special General,G,3,5206,,0,2017-12-12,0,0,01031,,False,False,False,Total Write-Ins,2017-11-29T19:29:20.557Z,county,True,S,U.S. Senate,NPD,100008,3512,0,0.0,30,county-1016,Coffee,False,,,Alabama,AL,True,False,0,0.0,False
1683-polid-3610-county-1017,1683,Special General,G,1,5192,,0,2017-12-12,0,0,01033,Doug,False,False,False,Jones,2017-11-29T19:29:20.557Z,county,True,S,U.S. Senate,Dem,3610,3503,0,0.0,36,county-1017,Colbert,False,,,Alabama,AL,True,False,0,0.0,False
1683-polid-3821-county-1017,1683,Special General,G,2,5202,,0,2017-12-12,0,0,01033,Roy,False,False,False,Moore,2017-11-29T19:29:20.557Z,county,True,S,U.S. Senate,GOP,3821,2200,0,0.0,36,county-1017,Colbert,False,,,Alabama,AL,True,False,0,0.0,False
1683-polid-100008-county-1017,1683,Special General,G,3,5206,,0,2017-12-12,0,0,01033,,False,False,False,Total Write-Ins,2017-11-29T19:29:20.557Z,county,True,S,U.S. Senate,NPD,100008,3512,0,0.0,36,county-1017,Colbert,False,,,Alabama,AL,True,False,0,0.0,False
1683-polid-3610-county-1018,1683,Special General,G,1,5192,,0,2017-12-12,0,0,01035,Doug,False,False,False,Jones,2017-11-29T19:30:25.020Z,county,True,S,U.S. Senate,Dem,3610,3503,0,0.0,28,county-1018,Conecuh,False,,,Alabama,AL,True,False,0,0.0,False
1683-polid-3821-county-1018,1683,Special General,G,2,5202,,0,2017-12-12,0,0,01035,Roy,False,False,False,Moore,2017-11-29T19:30:25.020Z,county,True,S,U.S. Senate,GOP,3821,2200,0,0.0,28,county-1018,Conecuh,False,,,Alabama,AL,True,False,0,0.0,False
1683-polid-100008-county-1018,1683,Special General,G,3,5206,,0,2017-12-12,0,0,01035,,False,False,False,Total Write-Ins,2017-11-29T19:30:25.020Z,county,True,S,U.S. Senate,NPD,100008,3512,0,0.0,28,county-1018,Conecuh,False,,,Alabama,AL,True,False,0,0.0,False
1683-polid-3610-county-1019,1683,Special General,G,1,5192,,0,2017-12-12,0,0,01037,Doug,False,False,False,Jones,2017-11-29T19:29:20.557Z,county,True,S,U.S. Senate,Dem,3610,3503,0,0.0,13,county-1019,Coosa,False,,,Alabama,AL,True,False,0,0.0,False
1683-polid-3821-county-1019,1683,Special General,G,2,5202,,0,2017-12-12,0,0,01037,Roy,False,False,False,Moore,2017-11-29T19:29:20.557Z,county,True,S,U.S. Senate,GOP,3821,2200,0,0.0,13,county-1019,Coosa,False,,,Alabama,AL,True,False,0,0.0,False
1683-polid-100008-county-1019,1683,Special General,G,3,5206,,0,2017-12-12,0,0,01037,,False,False,False,Total Write-Ins,2017-11-29T19:29:20.557Z,county,True,S,U.S. Senate,NPD,100008,3512,0,0.0,13,county-1019,Coosa,False,,,Alabama,AL,True,False,0,0.0,False
1683-polid-3610-county-1020,1683,Special General,G,1,5192,,0,2017-12-12,0,0,01039,Doug,False,False,False,Jones,2017-11-29T19:29:20.557Z,county,True,S,U.S. Senate,Dem,3610,3503,0,0.0,26,county-1020,Covington,False,,,Alabama,AL,True,False,0,0.0,False
1683-polid-3821-county-1020,1683,Special General,G,2,5202,,0,2017-12-12,0,0,01039,Roy,False,False,False,Moore,2017-11-29T19:29:20.557Z,county,True,S,U.S. Senate,GOP,3821,2200,0,0.0,26,county-1020,Covington,False,,,Alabama,AL,True,False,0,0.0,False
1683-polid-100008-county-1020,1683,Special General,G,3,5206,,0,2017-12-12,0,0,01039,,False,False,False,Total Write-Ins,2017-11-29T19:29:20.557Z,county,True,S,U.S. Senate,NPD,100008,3512,0,0.0,26,county-1020,Covington,False,,,Alabama,AL,True,False,0,0.0,False
1683-polid-3610-county-1021,1683,Special General,G,1,5192,,0,2017-12-12,0,0,01041,Doug,False,False,False,Jones,2017-11-29T19:29:20.557Z,county,True,S,U.S. Senate,Dem,3610,3503,0,0.0,19,county-1021,Crenshaw,False,,,Alabama,AL,True,False,0,0.0,False
1683-polid-3821-county-1021,1683,Special General,G,2,5202,,0,2017-12-12,0,0,01041,Roy,False,False,False,Moore,2017-11-29T19:29:20.557Z,county,True,S,U.S. Senate,GOP,3821,2200,0,0.0,19,county-1021,Crenshaw,False,,,Alabama,AL,True,False,0,0.0,False
1683-polid-100008-county-1021,1683,Special General,G,3,5206,,0,2017-12-12,0,0,01041,,False,False,False,Total Write-Ins,2017-11-29T19:29:20.557Z,county,True,S,U.S. Senate,NPD,100008,3512,0,0.0,19,county-1021,Crenshaw,False,,,Alabama,AL,True,False,0,0.0,False
1683-polid-3610-county-1022,1683,Special General,G,1,5192,,0,2017-12-12,0,0,01043,Doug,False,False,False,Jones,2017-11-29T19:29:20.557Z,county,True,S,U.S. Senate,Dem,3610,3503,0,0.0,50,county-1022,Cullman,False,,,Alabama,AL,True,False,0,0.0,False
1683-polid-3821-county-1022,1683,Special General,G,2,5202,,0,2017-12-12,0,0,01043,Roy,False,False,False,Moore,2017-11-29T19:29:20.557Z,county,True,S,U.S. Senate,GOP,3821,2200,0,0.0,50,county-1022,Cullman,False,,,Alabama,AL,True,False,0,0.0,False
1683-polid-100008-county-1022,1683,Special General,G,3,5206,,0,2017-12-12,0,0,01043,,False,False,False,Total Write-Ins,2017-11-29T19:29:20.557Z,county,True,S,U.S. Senate,NPD,100008,3512,0,0.0,50,county-1022,Cullman,False,,,Alabama,AL,True,False,0,0.0,False
1683-polid-3610-county-1023,1683,Special General,G,1,5192,,0,2017-12-12,0,0,01045,Doug,False,False,False,Jones,2017-11-29T19:29:20.557Z,county,True,S,U.S. Senate,Dem,3610,3503,0,0.0,20,county-1023,Dale,False,,,Alabama,AL,True,False,0,0.0,False
1683-polid-3821-county-1023,1683,Special General,G,2,5202,,0,2017-12-12,0,0,01045,Roy,False,False,False,Moore,2017-11-29T19:29:20.557Z,county,True,S,U.S. Senate,GOP,3821,2200,0,0.0,20,county-1023,Dale,False,,,Alabama,AL,True,False,0,0.0,False
1683-polid-100008-county-1023,1683,Special General,G,3,5206,,0,2017-12-12,0,0,01045,,False,False,False,Total Write-Ins,2017-11-29T19:29:20.557Z,county,True,S,U.S. Senate,NPD,100008,3512,0,0.0,20,county-1023,Dale,False,,,Alabama,AL,True,False,0,0.0,False
1683-polid-3610-county-1024,1683,Special General,G,1,5192,,0,2017-12-12,0,0,01047,Doug,False,False,False,Jones,2017-11-29T19:29:20.557Z,county,True,S,U.S. Senate,Dem,3610,3503,0,0.0,30,county-1024,Dallas,False,,,Alabama,AL,True,False,0,0.0,False
1683-polid-3821-county-1024,1683,Special General,G,2,5202,,0,2017-12-12,0,0,01047,Roy,False,False,False,Moore,2017-11-29T19:29:20.557Z,county,True,S,U.S. Senate,GOP,3821,2200,0,0.0,30,county-1024,Dallas,False,,,Alabama,AL,True,False,0,0.0,False
1683-polid-100008-county-1024,1683,Special General,G,3,5206,,0,2017-12-12,0,0,01047,,False,False,False,Total Write-Ins,2017-11-29T19:29:20.557Z,county,True,S,U.S. Senate,NPD,100008,3512,0,0.0,30,county-1024,Dallas,False,,,Alabama,AL,True,False,0,0.0,False
1683-polid-3610-county-1025,1683,Special General,G,1,5192,,0,2017-12-12,0,0,01049,Doug,False,False,False,Jones,2017-11-29T19:29:20.557Z,county,True,S,U.S. Senate,Dem,3610,3503,0,0.0,52,county-1025,DeKalb,False,,,Alabama,AL,True,False,0,0.0,False
1683-polid-3821-county-1025,1683,Special General,G,2,5202,,0,2017-12-12,0,0,01049,Roy,False,False,False,Moore,2017-11-29T19:29:20.557Z,county,True,S,U.S. Senate,GOP,3821,2200,0,0.0,52,county-1025,DeKalb,False,,,Alabama,AL,True,False,0,0.0,False
1683-polid-100008-county-1025,1683,Special General,G,3,5206,,0,2017-12-12,0,0,01049,,False,False,False,Total Write-Ins,2017-11-29T19:29:20.557Z,county,True,S,U.S. Senate,NPD,100008,3512,0,0.0,52,county-1025,DeKalb,False,,,Alabama,AL,True,False,0,0.0,False
1683-polid-3610-county-1026,1683,Special General,G,1,5192,,0,2017-12-12,0,0,01051,Doug,False,False,False,Jones,2017-11-29T19:29:20.557Z,county,True,S,U.S. Senate,Dem,3610,3503,0,0.0,29,county-1026,Elmore,False,,,Alabama,AL,True,False,0,0.0,False
1683-polid-3821-county-1026,1683,Special General,G,2,5202,,0,2017-12-12,0,0,01051,Roy,False,False,False,Moore,2017-11-29T19:29:20.557Z,county,True,S,U.S. Senate,GOP,3821,2200,0,0.0,29,county-1026,Elmore,False,,,Alabama,AL,True,False,0,0.0,False
1683-polid-100008-county-1026,1683,Special General,G,3,5206,,0,2017-12-12,0,0,01051,,False,False,False,Total Write-Ins,2017-11-29T19:29:20.557Z,county,True,S,U.S. Senate,NPD,100008,3512,0,0.0,29,county-1026,Elmore,False,,,Alabama,AL,True,False,0,0.0,False
1683-polid-3610-county-1027,1683,Special General,G,1,5192,,0,2017-12-12,0,0,01053,Doug,False,False,False,Jones,2017-11-29T19:29:20.557Z,county,True,S,U.S. Senate,Dem,3610,3503,0,0.0,30,county-1027,Escambia,False,,,Alabama,AL,True,False,0,0.0,False
1683-polid-3821-county-1027,1683,Special General,G,2,5202,,0,2017-12-12,0,0,01053,Roy,False,False,False,Moore,2017-11-29T19:29:20.557Z,county,True,S,U.S. Senate,GOP,3821,2200,0,0.0,30,county-1027,Escambia,False,,,Alabama,AL,True,False,0,0.0,False
1683-polid-100008-county-1027,1683,Special General,G,3,5206,,0,2017-12-12,0,0,01053,,False,False,False,Total Write-Ins,2017-11-29T19:29:20.557Z,county,True,S,U.S. Senate,NPD,100008,3512,0,0.0,30,county-1027,Escambia,False,,,Alabama,AL,True,False,0,0.0,False
1683-polid-3610-county-1028,1683,Special General,G,1,5192,,0,2017-12-12,0,0,01055,Doug,False,False,False,Jones,2017-11-29T19:29:20.557Z,county,True,S,U.S. Senate,Dem,3610,3503,0,0.0,34,county-1028,Etowah,False,,,Alabama,AL,True,False,0,0.0,False
1683-polid-3821-county-1028,1683,Special General,G,2,5202,,0,2017-12-12,0,0,01055,Roy,False,False,False,Moore,2017-11-29T19:29:20.557Z,county,True,S,U.S. Senate,GOP,3821,2200,0,0.0,34,county-1028,Etowah,False,,,Alabama,AL,True,False,0,0.0,False
1683-polid-100008-county-1028,1683,Special General,G,3,5206,,0,2017-12-12,0,0,01055,,False,False,False,Total Write-Ins,2017-11-29T19:29:20.557Z,county,True,S,U.S. Senate,NPD,100008,3512,0,0.0,34,county-1028,Etowah,False,,,Alabama,AL,True,False,0,0.0,False
1683-polid-3610-county-1029,1683,Special General,G,1,5192,,0,2017-12-12,0,0,01057,Doug,False,False,False,Jones,2017-11-29T19:29:20.557Z,county,True,S,U.S. Senate,Dem,3610,3503,0,0.0,28,county-1029,Fayette,False,,,Alabama,AL,True,False,0,0.0,False
1683-polid-3821-county-1029,1683,Special General,G,2,5202,,0,2017-12-12,0,0,01057,Roy,False,False,False,Moore,2017-11-29T19:29:20.557Z,county,True,S,U.S. Senate,GOP,3821,2200,0,0.0,28,county-1029,Fayette,False,,,Alabama,AL,True,False,0,0.0,False
1683-polid-100008-county-1029,1683,Special General,G,3,5206,,0,2017-12-12,0,0,01057,,False,False,False,Total Write-Ins,2017-11-29T19:29:20.557Z,county,True,S,U.S. Senate,NPD,100008,3512,0,0.0,28,county-1029,Fayette,False,,,Alabama,AL,True,False,0,0.0,False
1683-polid-3610-county-1030,1683,Special General,G,1,5192,,0,2017-12-12,0,0,01059,Doug,False,False,False,Jones,2017-11-29T19:29:20.557Z,county,True,S,U.S. Senate,Dem,3610,3503,0,0.0,25,county-1030,Franklin,False,,,Alabama,AL,True,False,0,0.0,False
1683-polid-3821-county-1030,1683,Special General,G,2,5202,,0,2017-12-12,0,0,01059,Roy,False,False,False,Moore,2017-11-29T19:29:20.557Z,county,True,S,U.S. Senate,GOP,3821,2200,0,0.0,25,county-1030,Franklin,False,,,Alabama,AL,True,False,0,0.0,False
1683-polid-100008-county-1030,1683,Special General,G,3,5206,,0,2017-12-12,0,0,01059,,False,False,False,Total Write-Ins,2017-11-29T19:29:20.557Z,county,True,S,U.S. Senate,NPD,100008,3512,0,0.0,25,county-1030,Franklin,False,,,Alabama,AL,True,False,0,0.0,False
1683-polid-3610-county-1031,1683,Special General,G,1,5192,,0,2017-12-12,0,0,01061,Doug,False,False,False,Jones,2017-11-29T19:29:20.557Z,county,True,S,U.S. Senate,Dem,3610,3503,0,0.0,26,county-1031,Geneva,False,,,Alabama,AL,True,False,0,0.0,False
1683-polid-3821-county-1031,1683,Special General,G,2,5202,,0,2017-12-12,0,0,01061,Roy,False,False,False,Moore,2017-11-29T19:29:20.557Z,county,True,S,U.S. Senate,GOP,3821,2200,0,0.0,26,county-1031,Geneva,False,,,Alabama,AL,True,False,0,0.0,False
1683-polid-100008-county-1031,1683,Special General,G,3,5206,,0,2017-12-12,0,0,01061,,False,False,False,Total Write-Ins,2017-11-29T19:29:20.557Z,county,True,S,U.S. Senate,NPD,100008,3512,0,0.0,26,county-1031,Geneva,False,,,Alabama,AL,True,False,0,0.0,False
1683-polid-3610-county-1032,1683,Special General,G,1,5192,,0,2017-12-12,0,0,01063,Doug,False,False,False,Jones,2017-11-29T19:29:20.557Z,county,True,S,U.S. Senate,Dem,3610,3503,0,0.0,15,county-1032,Greene,False,,,Alabama,AL,True,False,0,0.0,False
1683-polid-3821-county-1032,1683,Special General,G,2,5202,,0,2017-12-12,0,0,01063,Roy,False,False,False,Moore,2017-11-29T19:29:20.557Z,county,True,S,U.S. Senate,GOP,3821,2200,0,0.0,15,county-1032,Greene,False,,,Alabama,AL,True,False,0,0.0,False
1683-polid-100008-county-1032,1683,Special General,G,3,5206,,0,2017-12-12,0,0,01063,,False,False,False,Total Write-Ins,2017-11-29T19:29:20.557Z,county,True,S,U.S. Senate,NPD,100008,3512,0,0.0,15,county-1032,Greene,False,,,Alabama,AL,True,False,0,0.0,False
1683-polid-3610-county-1033,1683,Special General,G,1,5192,,0,2017-12-12,0,0,01065,Doug,False,False,False,Jones,2017-11-29T19:29:20.557Z,county,True,S,U.S. Senate,Dem,3610,3503,0,0.0,15,county-1033,Hale,False,,,Alabama,AL,True,False,0,0.0,False
1683-polid-3821-county-1033,1683,Special General,G,2,5202,,0,2017-12-12,0,0,01065,Roy,False,False,False,Moore,2017-11-29T19:29:20.557Z,county,True,S,U.S. Senate,GOP,3821,2200,0,0.0,15,county-1033,Hale,False,,,Alabama,AL,True,False,0,0.0,False
1683-polid-100008-county-1033,1683,Special General,G,3,5206,,0,2017-12-12,0,0,01065,,False,False,False,Total Write-Ins,2017-11-29T19:29:20.557Z,county,True,S,U.S. Senate,NPD,100008,3512,0,0.0,15,county-1033,Hale,False,,,Alabama,AL,True,False,0,0.0,False
1683-polid-3610-county-1034,1683,Special General,G,1,5192,,0,2017-12-12,0,0,01067,Doug,False,False,False,Jones,2017-11-29T19:29:20.557Z,county,True,S,U.S. Senate,Dem,3610,3503,0,0.0,14,county-1034,Henry,False,,,Alabama,AL,True,False,0,0.0,False
1683-polid-3821-county-1034,1683,Special General,G,2,5202,,0,2017-12-12,0,0,01067,Roy,False,False,False,Moore,2017-11-29T19:29:20.557Z,county,True,S,U.S. Senate,GOP,3821,2200,0,0.0,14,county-1034,Henry,False,,,Alabama,AL,True,False,0,0.0,False
1683-polid-100008-county-1034,1683,Special General,G,3,5206,,0,2017-12-12,0,0,01067,,False,False,False,Total Write-Ins,2017-11-29T19:29:20.557Z,county,True,S,U.S. Senate,NPD,100008,3512,0,0.0,14,county-1034,Henry,False,,,Alabama,AL,True,False,0,0.0,False
1683-polid-3610-county-1035,1683,Special General,G,1,5192,,0,2017-12-12,0,0,01069,Doug,False,False,False,Jones,2017-11-29T19:29:20.557Z,county,True,S,U.S. Senate,Dem,3610,3503,0,0.0,28,county-1035,Houston,False,,,Alabama,AL,True,False,0,0.0,False
1683-polid-3821-county-1035,1683,Special General,G,2,5202,,0,2017-12-12,0,0,01069,Roy,False,False,False,Moore,2017-11-29T19:29:20.557Z,county,True,S,U.S. Senate,GOP,3821,2200,0,0.0,28,county-1035,Houston,False,,,Alabama,AL,True,False,0,0.0,False
1683-polid-100008-county-1035,1683,Special General,G,3,5206,,0,2017-12-12,0,0,01069,,False,False,False,Total Write-Ins,2017-11-29T19:29:20.557Z,county,True,S,U.S. Senate,NPD,100008,3512,0,0.0,28,county-1035,Houston,False,,,Alabama,AL,True,False,0,0.0,False
1683-polid-3610-county-1036,1683,Special General,G,1,5192,,0,2017-12-12,0,0,01071,Doug,False,False,False,Jones,2017-11-29T19:30:25.020Z,county,True,S,U.S. Senate,Dem,3610,3503,0,0.0,38,county-1036,Jackson,False,,,Alabama,AL,True,False,0,0.0,False
1683-polid-3821-county-1036,1683,Special General,G,2,5202,,0,2017-12-12,0,0,01071,Roy,False,False,False,Moore,2017-11-29T19:30:25.020Z,county,True,S,U.S. Senate,GOP,3821,2200,0,0.0,38,county-1036,Jackson,False,,,Alabama,AL,True,False,0,0.0,False
1683-polid-100008-county-1036,1683,Special General,G,3,5206,,0,2017-12-12,0,0,01071,,False,False,False,Total Write-Ins,2017-11-29T19:30:25.020Z,county,True,S,U.S. Senate,NPD,100008,3512,0,0.0,38,county-1036,Jackson,False,,,Alabama,AL,True,False,0,0.0,False
1683-polid-3610-county-1037,1683,Special General,G,1,5192,,0,2017-12-12,0,0,01073,Doug,False,False,False,Jones,2017-11-29T19:29:20.557Z,county,True,S,U.S. Senate,Dem,3610,3503,0,0.0,172,county-1037,Jefferson,False,,,Alabama,AL,True,False,0,0.0,False
1683-polid-3821-county-1037,1683,Special General,G,2,5202,,0,2017-12-12,0,0,01073,Roy,False,False,False,Moore,2017-11-29T19:29:20.557Z,county,True,S,U.S. Senate,GOP,3821,2200,0,0.0,172,county-1037,Jefferson,False,,,Alabama,AL,True,False,0,0.0,False
1683-polid-100008-county-1037,1683,Special General,G,3,5206,,0,2017-12-12,0,0,01073,,False,False,False,Total Write-Ins,2017-11-29T19:29:20.557Z,county,True,S,U.S. Senate,NPD,100008,3512,0,0.0,172,county-1037,Jefferson,False,,,Alabama,AL,True,False,0,0.0,False
1683-polid-3610-county-1039,1683,Special General,G,1,5192,,0,2017-12-12,0,0,01075,Doug,False,False,False,Jones,2017-11-29T19:29:20.557Z,county,True,S,U.S. Senate,Dem,3610,3503,0,0.0,26,county-1039,Lamar,False,,,Alabama,AL,True,False,0,0.0,False
1683-polid-3821-county-1039,1683,Special General,G,2,5202,,0,2017-12-12,0,0,01075,Roy,False,False,False,Moore,2017-11-29T19:29:20.557Z,county,True,S,U.S. Senate,GOP,3821,2200,0,0.0,26,county-1039,Lamar,False,,,Alabama,AL,True,False,0,0.0,False
1683-polid-100008-county-1039,1683,Special General,G,3,5206,,0,2017-12-12,0,0,01075,,False,False,False,Total Write-Ins,2017-11-29T19:29:20.557Z,county,True,S,U.S. Senate,NPD,100008,3512,0,0.0,26,county-1039,Lamar,False,,,Alabama,AL,True,False,0,0.0,False
1683-polid-3610-county-1040,1683,Special General,G,1,5192,,0,2017-12-12,0,0,01077,Doug,False,False,False,Jones,2017-11-29T19:29:20.557Z,county,True,S,U.S. Senate,Dem,3610,3503,0,0.0,32,county-1040,Lauderdale,False,,,Alabama,AL,True,False,0,0.0,False
1683-polid-3821-county-1040,1683,Special General,G,2,5202,,0,2017-12-12,0,0,01077,Roy,False,False,False,Moore,2017-11-29T19:29:20.557Z,county,True,S,U.S. Senate,GOP,3821,2200,0,0.0,32,county-1040,Lauderdale,False,,,Alabama,AL,True,False,0,0.0,False
1683-polid-100008-county-1040,1683,Special General,G,3,5206,,0,2017-12-12,0,0,01077,,False,False,False,Total Write-Ins,2017-11-29T19:29:20.557Z,county,True,S,U.S. Senate,NPD,100008,3512,0,0.0,32,county-1040,Lauderdale,False,,,Alabama,AL,True,False,0,0.0,False
1683-polid-3610-county-1041,1683,Special General,G,1,5192,,0,2017-12-12,0,0,01079,Doug,False,False,False,Jones,2017-11-29T19:29:20.557Z,county,True,S,U.S. Senate,Dem,3610,3503,0,0.0,30,county-1041,Lawrence,False,,,Alabama,AL,True,False,0,0.0,False
1683-polid-3821-county-1041,1683,Special General,G,2,5202,,0,2017-12-12,0,0,01079,Roy,False,False,False,Moore,2017-11-29T19:29:20.557Z,county,True,S,U.S. Senate,GOP,3821,2200,0,0.0,30,county-1041,Lawrence,False,,,Alabama,AL,True,False,0,0.0,False
1683-polid-100008-county-1041,1683,Special General,G,3,5206,,0,2017-12-12,0,0,01079,,False,False,False,Total Write-Ins,2017-11-29T19:29:20.557Z,county,True,S,U.S. Senate,NPD,100008,3512,0,0.0,30,county-1041,Lawrence,False,,,Alabama,AL,True,False,0,0.0,False
1683-polid-3610-county-1042,1683,Special General,G,1,5192,,0,2017-12-12,0,0,01081,Doug,False,False,False,Jones,2017-11-29T19:29:20.557Z,county,True,S,U.S. Senate,Dem,3610,3503,0,0.0,24,county-1042,Lee,False,,,Alabama,AL,True,False,0,0.0,False
1683-polid-3821-county-1042,1683,Special General,G,2,5202,,0,2017-12-12,0,0,01081,Roy,False,False,False,Moore,2017-11-29T19:29:20.557Z,county,True,S,U.S. Senate,GOP,3821,2200,0,0.0,24,county-1042,Lee,False,,,Alabama,AL,True,False,0,0.0,False
1683-polid-100008-county-1042,1683,Special General,G,3,5206,,0,2017-12-12,0,0,01081,,False,False,False,Total Write-Ins,2017-11-29T19:29:20.557Z,county,True,S,U.S. Senate,NPD,100008,3512,0,0.0,24,county-1042,Lee,False,,,Alabama,AL,True,False,0,0.0,False
1683-polid-3610-county-1043,1683,Special General,G,1,5192,,0,2017-12-12,0,0,01083,Doug,False,False,False,Jones,2017-11-29T19:29:20.557Z,county,True,S,U.S. Senate,Dem,3610,3503,0,0.0,26,county-1043,Limestone,False,,,Alabama,AL,True,False,0,0.0,False
1683-polid-3821-county-1043,1683,Special General,G,2,5202,,0,2017-12-12,0,0,01083,Roy,False,False,False,Moore,2017-11-29T19:29:20.557Z,county,True,S,U.S. Senate,GOP,3821,2200,0,0.0,26,county-1043,Limestone,False,,,Alabama,AL,True,False,0,0.0,False
1683-polid-100008-county-1043,1683,Special General,G,3,5206,,0,2017-12-12,0,0,01083,,False,False,False,Total Write-Ins,2017-11-29T19:29:20.557Z,county,True,S,U.S. Senate,NPD,100008,3512,0,0.0,26,county-1043,Limestone,False,,,Alabama,AL,True,False,0,0.0,False
1683-polid-3610-county-1044,1683,Special General,G,1,5192,,0,2017-12-12,0,0,01085,Doug,False,False,False,Jones,2017-11-29T19:29:20.557Z,county,True,S,U.S. Senate,Dem,3610,3503,0,0.0,13,county-1044,Lowndes,False,,,Alabama,AL,True,False,0,0.0,False
1683-polid-3821-county-1044,1683,Special General,G,2,5202,,0,2017-12-12,0,0,01085,Roy,False,False,False,Moore,2017-11-29T19:29:20.557Z,county,True,S,U.S. Senate,GOP,3821,2200,0,0.0,13,county-1044,Lowndes,False,,,Alabama,AL,True,False,0,0.0,False
1683-polid-100008-county-1044,1683,Special General,G,3,5206,,0,2017-12-12,0,0,01085,,False,False,False,Total Write-Ins,2017-11-29T19:29:20.557Z,county,True,S,U.S. Senate,NPD,100008,3512,0,0.0,13,county-1044,Lowndes,False,,,Alabama,AL,True,False,0,0.0,False
1683-polid-3610-county-1045,1683,Special General,G,1,5192,,0,2017-12-12,0,0,01087,Doug,False,False,False,Jones,2017-11-29T19:29:20.557Z,county,True,S,U.S. Senate,Dem,3610,3503,0,0.0,15,county-1045,Macon,False,,,Alabama,AL,True,False,0,0.0,False
1683-polid-3821-county-1045,1683,Special General,G,2,5202,,0,2017-12-12,0,0,01087,Roy,False,False,False,Moore,2017-11-29T19:29:20.557Z,county,True,S,U.S. Senate,GOP,3821,2200,0,0.0,15,county-1045,Macon,False,,,Alabama,AL,True,False,0,0.0,False
1683-polid-100008-county-1045,1683,Special General,G,3,5206,,0,2017-12-12,0,0,01087,,False,False,False,Total Write-Ins,2017-11-29T19:29:20.557Z,county,True,S,U.S. Senate,NPD,100008,3512,0,0.0,15,county-1045,Macon,False,,,Alabama,AL,True,False,0,0.0,False
1683-polid-3610-county-1046,1683,Special General,G,1,5192,,0,2017-12-12,0,0,01089,Doug,False,False,False,Jones,2017-11-29T19:29:20.557Z,county,True,S,U.S. Senate,Dem,3610,3503,0,0.0,73,county-1046,Madison,False,,,Alabama,AL,True,False,0,0.0,False
1683-polid-3821-county-1046,1683,Special General,G,2,5202,,0,2017-12-12,0,0,01089,Roy,False,False,False,Moore,2017-11-29T19:29:20.557Z,county,True,S,U.S. Senate,GOP,3821,2200,0,0.0,73,county-1046,Madison,False,,,Alabama,AL,True,False,0,0.0,False
1683-polid-100008-county-1046,1683,Special General,G,3,5206,,0,2017-12-12,0,0,01089,,False,False,False,Total Write-Ins,2017-11-29T19:29:20.557Z,county,True,S,U.S. Senate,NPD,100008,3512,0,0.0,73,county-1046,Madison,False,,,Alabama,AL,True,False,0,0.0,False
1683-polid-3610-county-1047,1683,Special General,G,1,5192,,0,2017-12-12,0,0,01091,Doug,False,False,False,Jones,2017-11-29T19:29:20.557Z,county,True,S,U.S. Senate,Dem,3610,3503,0,0.0,20,county-1047,Marengo,False,,,Alabama,AL,True,False,0,0.0,False
1683-polid-3821-county-1047,1683,Special General,G,2,5202,,0,2017-12-12,0,0,01091,Roy,False,False,False,Moore,2017-11-29T19:29:20.557Z,county,True,S,U.S. Senate,GOP,3821,2200,0,0.0,20,county-1047,Marengo,False,,,Alabama,AL,True,False,0,0.0,False
1683-polid-100008-county-1047,1683,Special General,G,3,5206,,0,2017-12-12,0,0,01091,,False,False,False,Total Write-Ins,2017-11-29T19:29:20.557Z,county,True,S,U.S. Senate,NPD,100008,3512,0,0.0,20,county-1047,Marengo,False,,,Alabama,AL,True,False,0,0.0,False
1683-polid-3610-county-1048,1683,Special General,G,1,5192,,0,2017-12-12,0,0,01093,Doug,False,False,False,Jones,2017-11-29T19:29:20.557Z,county,True,S,U.S. Senate,Dem,3610,3503,0,0.0,21,county-1048,Marion,False,,,Alabama,AL,True,False,0,0.0,False
1683-polid-3821-county-1048,1683,Special General,G,2,5202,,0,2017-12-12,0,0,01093,Roy,False,False,False,Moore,2017-11-29T19:29:20.557Z,county,True,S,U.S. Senate,GOP,3821,2200,0,0.0,21,county-1048,Marion,False,,,Alabama,AL,True,False,0,0.0,False
1683-polid-100008-county-1048,1683,Special General,G,3,5206,,0,2017-12-12,0,0,01093,,False,False,False,Total Write-Ins,2017-11-29T19:29:20.557Z,county,True,S,U.S. Senate,NPD,100008,3512,0,0.0,21,county-1048,Marion,False,,,Alabama,AL,True,False,0,0.0,False
1683-polid-3610-county-1049,1683,Special General,G,1,5192,,0,2017-12-12,0,0,01095,Doug,False,False,False,Jones,2017-11-29T19:30:25.020Z,county,True,S,U.S. Senate,Dem,3610,3503,0,0.0,31,county-1049,Marshall,False,,,Alabama,AL,True,False,0,0.0,False
1683-polid-3821-county-1049,1683,Special General,G,2,5202,,0,2017-12-12,0,0,01095,Roy,False,False,False,Moore,2017-11-29T19:30:25.020Z,county,True,S,U.S. Senate,GOP,3821,2200,0,0.0,31,county-1049,Marshall,False,,,Alabama,AL,True,False,0,0.0,False
1683-polid-100008-county-1049,1683,Special General,G,3,5206,,0,2017-12-12,0,0,01095,,False,False,False,Total Write-Ins,2017-11-29T19:30:25.020Z,county,True,S,U.S. Senate,NPD,100008,3512,0,0.0,31,county-1049,Marshall,False,,,Alabama,AL,True,False,0,0.0,False
1683-polid-3610-county-1050,1683,Special General,G,1,5192,,0,2017-12-12,0,0,01097,Doug,False,False,False,Jones,2017-11-29T19:29:20.557Z,county,True,S,U.S. Senate,Dem,3610,3503,0,0.0,190,county-1050,Mobile,False,,,Alabama,AL,True,False,0,0.0,False
1683-polid-3821-county-1050,1683,Special General,G,2,5202,,0,2017-12-12,0,0,01097,Roy,False,False,False,Moore,2017-11-29T19:29:20.557Z,county,True,S,U.S. Senate,GOP,3821,2200,0,0.0,190,county-1050,Mobile,False,,,Alabama,AL,True,False,0,0.0,False
1683-polid-100008-county-1050,1683,Special General,G,3,5206,,0,2017-12-12,0,0,01097,,False,False,False,Total Write-Ins,2017-11-29T19:29:20.557Z,county,True,S,U.S. Senate,NPD,100008,3512,0,0.0,190,county-1050,Mobile,False,,,Alabama,AL,True,False,0,0.0,False
1683-polid-3610-county-1051,1683,Special General,G,1,5192,,0,2017-12-12,0,0,01099,Doug,False,False,False,Jones,2017-11-29T19:29:20.557Z,county,True,S,U.S. Senate,Dem,3610,3503,0,0.0,30,county-1051,Monroe,False,,,Alabama,AL,True,False,0,0.0,False
1683-polid-3821-county-1051,1683,Special General,G,2,5202,,0,2017-12-12,0,0,01099,Roy,False,False,False,Moore,2017-11-29T19:29:20.557Z,county,True,S,U.S. Senate,GOP,3821,2200,0,0.0,30,county-1051,Monroe,False,,,Alabama,AL,True,False,0,0.0,False
1683-polid-100008-county-1051,1683,Special General,G,3,5206,,0,2017-12-12,0,0,01099,,False,False,False,Total Write-Ins,2017-11-29T19:29:20.557Z,county,True,S,U.S. Senate,NPD,100008,3512,0,0.0,30,county-1051,Monroe,False,,,Alabama,AL,True,False,0,0.0,False
1683-polid-3610-county-1052,1683,Special General,G,1,5192,,0,2017-12-12,0,0,01101,Doug,False,False,False,Jones,2017-11-29T19:29:20.557Z,county,True,S,U.S. Senate,Dem,3610,3503,0,0.0,99,county-1052,Montgomery,False,,,Alabama,AL,True,False,0,0.0,False
1683-polid-3821-county-1052,1683,Special General,G,2,5202,,0,2017-12-12,0,0,01101,Roy,False,False,False,Moore,2017-11-29T19:29:20.557Z,county,True,S,U.S. Senate,GOP,3821,2200,0,0.0,99,county-1052,Montgomery,False,,,Alabama,AL,True,False,0,0.0,False
1683-polid-100008-county-1052,1683,Special General,G,3,5206,,0,2017-12-12,0,0,01101,,False,False,False,Total Write-Ins,2017-11-29T19:29:20.557Z,county,True,S,U.S. Senate,NPD,100008,3512,0,0.0,99,county-1052,Montgomery,False,,,Alabama,AL,True,False,0,0.0,False
1683-polid-3610-county-1053,1683,Special General,G,1,5192,,0,2017-12-12,0,0,01103,Doug,False,False,False,Jones,2017-11-29T19:29:20.557Z,county,True,S,U.S. Senate,Dem,3610,3503,0,0.0,40,county-1053,Morgan,False,,,Alabama,AL,True,False,0,0.0,False
1683-polid-3821-county-1053,1683,Special General,G,2,5202,,0,2017-12-12,0,0,01103,Roy,False,False,False,Moore,2017-11-29T19:29:20.557Z,county,True,S,U.S. Senate,GOP,3821,2200,0,0.0,40,county-1053,Morgan,False,,,Alabama,AL,True,False,0,0.0,False
1683-polid-100008-county-1053,1683,Special General,G,3,5206,,0,2017-12-12,0,0,01103,,False,False,False,Total Write-Ins,2017-11-29T19:29:20.557Z,county,True,S,U.S. Senate,NPD,100008,3512,0,0.0,40,county-1053,Morgan,False,,,Alabama,AL,True,False,0,0.0,False
1683-polid-3610-county-1054,1683,Special General,G,1,5192,,0,2017-12-12,0,0,01105,Doug,False,False,False,Jones,2017-11-29T19:29:20.557Z,county,True,S,U.S. Senate,Dem,3610,3503,0,0.0,13,county-1054,Perry,False,,,Alabama,AL,True,False,0,0.0,False
1683-polid-3821-county-1054,1683,Special General,G,2,5202,,0,2017-12-12,0,0,01105,Roy,False,False,False,Moore,2017-11-29T19:29:20.557Z,county,True,S,U.S. Senate,GOP,3821,2200,0,0.0,13,county-1054,Perry,False,,,Alabama,AL,True,False,0,0.0,False
1683-polid-100008-county-1054,1683,Special General,G,3,5206,,0,2017-12-12,0,0,01105,,False,False,False,Total Write-Ins,2017-11-29T19:29:20.557Z,county,True,S,U.S. Senate,NPD,100008,3512,0,0.0,13,county-1054,Perry,False,,,Alabama,AL,True,False,0,0.0,False
1683-polid-3610-county-1055,1683,Special General,G,1,5192,,0,2017-12-12,0,0,01107,Doug,False,False,False,Jones,2017-11-29T19:29:20.557Z,county,True,S,U.S. Senate,Dem,3610,3503,0,0.0,20,county-1055,Pickens,False,,,Alabama,AL,True,False,0,0.0,False
1683-polid-3821-county-1055,1683,Special General,G,2,5202,,0,2017-12-12,0,0,01107,Roy,False,False,False,Moore,2017-11-29T19:29:20.557Z,county,True,S,U.S. Senate,GOP,3821,2200,0,0.0,20,county-1055,Pickens,False,,,Alabama,AL,True,False,0,0.0,False
1683-polid-100008-county-1055,1683,Special General,G,3,5206,,0,2017-12-12,0,0,01107,,False,False,False,Total Write-Ins,2017-11-29T19:29:20.557Z,county,True,S,U.S. Senate,NPD,100008,3512,0,0.0,20,county-1055,Pickens,False,,,Alabama,AL,True,False,0,0.0,False
1683-polid-3610-county-1056,1683,Special General,G,1,5192,,0,2017-12-12,0,0,01109,Doug,False,False,False,Jones,2017-11-29T19:30:25.020Z,county,True,S,U.S. Senate,Dem,3610,3503,0,0.0,34,county-1056,Pike,False,,,Alabama,AL,True,False,0,0.0,False
1683-polid-3821-county-1056,1683,Special General,G,2,5202,,0,2017-12-12,0,0,01109,Roy,False,False,False,Moore,2017-11-29T19:30:25.020Z,county,True,S,U.S. Senate,GOP,3821,2200,0,0.0,34,county-1056,Pike,False,,,Alabama,AL,True,False,0,0.0,False
1683-polid-100008-county-1056,1683,Special General,G,3,5206,,0,2017-12-12,0,0,01109,,False,False,False,Total Write-Ins,2017-11-29T19:30:25.020Z,county,True,S,U.S. Senate,NPD,100008,3512,0,0.0,34,county-1056,Pike,False,,,Alabama,AL,True,False,0,0.0,False
1683-polid-3610-county-1057,1683,Special General,G,1,5192,,0,2017-12-12,0,0,01111,Doug,False,False,False,Jones,2017-11-29T19:29:20.557Z,county,True,S,U.S. Senate,Dem,3610,3503,0,0.0,26,county-1057,Randolph,False,,,Alabama,AL,True,False,0,0.0,False
1683-polid-3821-county-1057,1683,Special General,G,2,5202,,0,2017-12-12,0,0,01111,Roy,False,False,False,Moore,2017-11-29T19:29:20.557Z,county,True,S,U.S. Senate,GOP,3821,2200,0,0.0,26,county-1057,Randolph,False,,,Alabama,AL,True,False,0,0.0,False
1683-polid-100008-county-1057,1683,Special General,G,3,5206,,0,2017-12-12,0,0,01111,,False,False,False,Total Write-Ins,2017-11-29T19:29:20.557Z,county,True,S,U.S. Senate,NPD,100008,3512,0,0.0,26,county-1057,Randolph,False,,,Alabama,AL,True,False,0,0.0,False
1683-polid-3610-county-1058,1683,Special General,G,1,5192,,0,2017-12-12,0,0,01113,Doug,False,False,False,Jones,2017-11-29T19:29:20.557Z,county,True,S,U.S. Senate,Dem,3610,3503,0,0.0,18,county-1058,Russell,False,,,Alabama,AL,True,False,0,0.0,False
1683-polid-3821-county-1058,1683,Special General,G,2,5202,,0,2017-12-12,0,0,01113,Roy,False,False,False,Moore,2017-11-29T19:29:20.557Z,county,True,S,U.S. Senate,GOP,3821,2200,0,0.0,18,county-1058,Russell,False,,,Alabama,AL,True,False,0,0.0,False
1683-polid-100008-county-1058,1683,Special General,G,3,5206,,0,2017-12-12,0,0,01113,,False,False,False,Total Write-Ins,2017-11-29T19:29:20.557Z,county,True,S,U.S. Senate,NPD,100008,3512,0,0.0,18,county-1058,Russell,False,,,Alabama,AL,True,False,0,0.0,False
1683-polid-3610-county-1059,1683,Special General,G,1,5192,,0,2017-12-12,0,0,01115,Doug,False,False,False,Jones,2017-11-29T19:29:20.557Z,county,True,S,U.S. Senate,Dem,3610,3503,0,0.0,31,county-1059,St. Clair,False,,,Alabama,AL,True,False,0,0.0,False
1683-polid-3821-county-1059,1683,Special General,G,2,5202,,0,2017-12-12,0,0,01115,Roy,False,False,False,Moore,2017-11-29T19:29:20.557Z,county,True,S,U.S. Senate,GOP,3821,2200,0,0.0,31,county-1059,St. Clair,False,,,Alabama,AL,True,False,0,0.0,False
1683-polid-100008-county-1059,1683,Special General,G,3,5206,,0,2017-12-12,0,0,01115,,False,False,False,Total Write-Ins,2017-11-29T19:29:20.557Z,county,True,S,U.S. Senate,NPD,100008,3512,0,0.0,31,county-1059,St. Clair,False,,,Alabama,AL,True,False,0,0.0,False
1683-polid-3610-county-1061,1683,Special General,G,1,5192,,0,2017-12-12,0,0,01117,Doug,False,False,False,Jones,2017-11-29T19:29:20.557Z,county,True,S,U.S. Senate,Dem,3610,3503,0,0.0,48,county-1061,Shelby,False,,,Alabama,AL,True,False,0,0.0,False
1683-polid-3821-county-1061,1683,Special General,G,2,5202,,0,2017-12-12,0,0,01117,Roy,False,False,False,Moore,2017-11-29T19:29:20.557Z,county,True,S,U.S. Senate,GOP,3821,2200,0,0.0,48,county-1061,Shelby,False,,,Alabama,AL,True,False,0,0.0,False
1683-polid-100008-county-1061,1683,Special General,G,3,5206,,0,2017-12-12,0,0,01117,,False,False,False,Total Write-Ins,2017-11-29T19:29:20.557Z,county,True,S,U.S. Senate,NPD,100008,3512,0,0.0,48,county-1061,Shelby,False,,,Alabama,AL,True,False,0,0.0,False
1683-polid-3610-county-1062,1683,Special General,G,1,5192,,0,2017-12-12,0,0,01119,Doug,False,False,False,Jones,2017-11-29T19:29:20.557Z,county,True,S,U.S. Senate,Dem,3610,3503,0,0.0,14,county-1062,Sumter,False,,,Alabama,AL,True,False,0,0.0,False
1683-polid-3821-county-1062,1683,Special General,G,2,5202,,0,2017-12-12,0,0,01119,Roy,False,False,False,Moore,2017-11-29T19:29:20.557Z,county,True,S,U.S. Senate,GOP,3821,2200,0,0.0,14,county-1062,Sumter,False,,,Alabama,AL,True,False,0,0.0,False
1683-polid-100008-county-1062,1683,Special General,G,3,5206,,0,2017-12-12,0,0,01119,,False,False,False,Total Write-Ins,2017-11-29T19:29:20.557Z,county,True,S,U.S. Senate,NPD,100008,3512,0,0.0,14,county-1062,Sumter,False,,,Alabama,AL,True,False,0,0.0,False
1683-polid-3610-county-1063,1683,Special General,G,1,5192,,0,2017-12-12,0,0,01121,Doug,False,False,False,Jones,2017-11-29T19:29:20.557Z,county,True,S,U.S. Senate,Dem,3610,3503,0,0.0,27,county-1063,Talladega,False,,,Alabama,AL,True,False,0,0.0,False
1683-polid-3821-county-1063,1683,Special General,G,2,5202,,0,2017-12-12,0,0,01121,Roy,False,False,False,Moore,2017-11-29T19:29:20.557Z,county,True,S,U.S. Senate,GOP,3821,2200,0,0.0,27,county-1063,Talladega,False,,,Alabama,AL,True,False,0,0.0,False
1683-polid-100008-county-1063,1683,Special General,G,3,5206,,0,2017-12-12,0,0,01121,,False,False,False,Total Write-Ins,2017-11-29T19:29:20.557Z,county,True,S,U.S. Senate,NPD,100008,3512,0,0.0,27,county-1063,Talladega,False,,,Alabama,AL,True,False,0,0.0,False
1683-polid-3610-county-1064,1683,Special General,G,1,5192,,0,2017-12-12,0,0,01123,Doug,False,False,False,Jones,2017-11-29T19:29:20.557Z,county,True,S,U.S. Senate,Dem,3610,3503,0,0.0,27,county-1064,Tallapoosa,False,,,Alabama,AL,True,False,0,0.0,False
1683-polid-3821-county-1064,1683,Special General,G,2,5202,,0,2017-12-12,0,0,01123,Roy,False,False,False,Moore,2017-11-29T19:29:20.557Z,county,True,S,U.S. Senate,GOP,3821,2200,0,0.0,27,county-1064,Tallapoosa,False,,,Alabama,AL,True,False,0,0.0,False
1683-polid-100008-county-1064,1683,Special General,G,3,5206,,0,2017-12-12,0,0,01123,,False,False,False,Total Write-Ins,2017-11-29T19:29:20.557Z,county,True,S,U.S. Senate,NPD,100008,3512,0,0.0,27,county-1064,Tallapoosa,False,,,Alabama,AL,True,False,0,0.0,False
1683-polid-3610-county-1065,1683,Special General,G,1,5192,,0,2017-12-12,0,0,01125,Doug,False,False,False,Jones,2017-11-29T19:29:20.557Z,county,True,S,U.S. Senate,Dem,3610,3503,0,0.0,55,county-1065,Tuscaloosa,False,,,Alabama,AL,True,False,0,0.0,False
1683-polid-3821-county-1065,1683,Special General,G,2,5202,,0,2017-12-12,0,0,01125,Roy,False,False,False,Moore,2017-11-29T19:29:20.557Z,county,True,S,U.S. Senate,GOP,3821,2200,0,0.0,55,county-1065,Tuscaloosa,False,,,Alabama,AL,True,False,0,0.0,False
1683-polid-100008-county-1065,1683,Special General,G,3,5206,,0,2017-12-12,0,0,01125,,False,False,False,Total Write-Ins,2017-11-29T19:29:20.557Z,county,True,S,U.S. Senate,NPD,100008,3512,0,0.0,55,county-1065,Tuscaloosa,False,,,Alabama,AL,True,False,0,0.0,False
1683-polid-3610-county-1066,1683,Special General,G,1,5192,,0,2017-12-12,0,0,01127,Doug,False,False,False,Jones,2017-11-29T19:29:20.557Z,county,True,S,U.S. Senate,Dem,3610,3503,0,0.0,46,county-1066,Walker,False,,,Alabama,AL,True,False,0,0.0,False
1683-polid-3821-county-1066,1683,Special General,G,2,5202,,0,2017-12-12,0,0,01127,Roy,False,False,False,Moore,2017-11-29T19:29:20.557Z,county,True,S,U.S. Senate,GOP,3821,2200,0,0.0,46,county-1066,Walker,False,,,Alabama,AL,True,False,0,0.0,False
1683-polid-100008-county-1066,1683,Special General,G,3,5206,,0,2017-12-12,0,0,01127,,False,False,False,Total Write-Ins,2017-11-29T19:29:20.557Z,county,True,S,U.S. Senate,NPD,100008,3512,0,0.0,46,county-1066,Walker,False,,,Alabama,AL,True,False,0,0.0,False
1683-polid-3610-county-1067,1683,Special General,G,1,5192,,0,2017-12-12,0,0,01129,Doug,False,False,False,Jones,2017-11-29T19:29:20.557Z,county,True,S,U.S. Senate,Dem,3610,3503,0,0.0,20,county-1067,Washington,False,,,Alabama,AL,True,False,0,0.0,False
1683-polid-3821-county-1067,1683,Special General,G,2,5202,,0,2017-12-12,0,0,01129,Roy,False,False,False,Moore,2017-11-29T19:29:20.557Z,county,True,S,U.S. Senate,GOP,3821,2200,0,0.0,20,county-1067,Washington,False,,,Alabama,AL,True,False,0,0.0,False
1683-polid-100008-county-1067,1683,Special General,G,3,5206,,0,2017-12-12,0,0,01129,,False,False,False,Total Write-Ins,2017-11-29T19:29:20.557Z,county,True,S,U.S. Senate,NPD,100008,3512,0,0.0,20,county-1067,Washington,False,,,Alabama,AL,True,False,0,0.0,False
1683-polid-3610-county-1068,1683,Special General,G,1,5192,,0,2017-12-12,0,0,01131,Doug,False,False,False,Jones,2017-11-29T19:29:20.557Z,county,True,S,U.S. Senate,Dem,3610,3503,0,0.0,35,county-1068,Wilcox,False,,,Alabama,AL,True,False,0,0.0,False
1683-polid-3821-county-1068,1683,Special General,G,2,5202,,0,2017-12-12,0,0,01131,Roy,False,False,False,Moore,2017-11-29T19:29:20.557Z,county,True,S,U.S. Senate,GOP,3821,2200,0,0.0,35,county-1068,Wilcox,False,,,Alabama,AL,True,False,0,0.0,False
1683-polid-100008-county-1068,1683,Special General,G,3,5206,,0,2017-12-12,0,0,01131,,False,False,False,Total Write-Ins,2017-11-29T19:29:20.557Z,county,True,S,U.S. Senate,NPD,100008,3512,0,0.0,35,county-1068,Wilcox,False,,,Alabama,AL,True,False,0,0.0,False
1683-polid-3610-county-1069,1683,Special General,G,1,5192,,0,2017-12-12,0,0,01133,Doug,False,False,False,Jones,2017-11-29T19:29:20.557Z,county,True,S,U.S. Senate,Dem,3610,3503,0,0.0,19,county-1069,Winston,False,,,Alabama,AL,True,False,0,0.0,False
1683-polid-3821-county-1069,1683,Special General,G,2,5202,,0,2017-12-12,0,0,01133,Roy,False,False,False,Moore,2017-11-29T19:29:20.557Z,county,True,S,U.S. Senate,GOP,3821,2200,0,0.0,19,county-1069,Winston,False,,,Alabama,AL,True,False,0,0.0,False
1683-polid-100008-county-1069,1683,Special General,G,3,5206,,0,2017-12-12,0,0,01133,,False,False,False,Total Write-Ins,2017-11-29T19:29:20.557Z,county,True,S,U.S. Senate,NPD,100008,3512,0,0.0,19,county-1069,Winston,False,,,Alabama,AL,True,False,0,0.0,False
